household,5.45%,7272,7811,8319,3363,16727,4338,10902,41612,8132,19542,10787,3177,5257,7474,27266,5175,5261,14844,35300,2062,4222,10577,6012,25923,14535,6520,4184,3749,2660,37644,4752,2546,5604,120917,5568,15542,20878,2931,2971,6294,8906,14679,9902,4435,14374,3234,37426,10700,7275,7050,18499,5917,2057,18401,5728,300561,17482,9151,61912,6012,12573,5005,21714,5647,2750,4450,9586,5030,9983,3605,10697,3272,27541,6351,3736,30756,4671,7135,12795,4337,6674,10043,2345,8464,3991,4347,10066,4433,12364,16173,2741,8770,19280,4679,1487,5326,10816,27022,4701,25872,852,6475,8285,7466,17242,15051,6667,6086,9628,4640,6074,3390,5639,41979,4463,8604,4992,13102,2493,10001
relationship,11.65%,17550,19274,20899,8225,41103,11329,27634,114026,19563,46747,25607,8479,14005,19473,72124,12597,12866,33518,84982,5038,10583,26709,15664,67236,35105,20897,10151,9183,6865,92060,11530,6468,14599,276491,14186,38597,47071,6498,8182,16833,24527,36250,25306,11217,36459,8483,96627,29378,18541,17830,45011,15239,4785,46508,13547,715629,45439,22962,155997,15925,30731,13915,57367,15667,6860,11395,24237,13772,24611,9463,25571,6606,64028,16543,9387,75357,13218,18113,30992,12858,16445,28897,6353,21209,9950,10929,25723,11995,30040,41530,6983,23300,53776,10918,4547,14471,28486,64406,12440,61441,2278,16713,20405,17445,43075,39324,16830,16419,23382,12232,14117,8807,13845,104240,11506,20636,13428,34416,7234,24459
marital status,3.43%,7432,7638,8015,3288,15895,4464,11207,42576,7735,20142,11296,3301,5779,7873,28280,5145,4905,14761,34813,2039,4236,10998,6148,27959,13675,9558,3999,3679,2740,36300,5017,3416,5869,115359,5581,15473,19188,2788,3252,6591,9245,14191,10009,4525,14229,3368,39063,11531,7241,7049,17563,5993,1946,18203,5316,278883,17755,9143,60615,6694,12079,5648,22441,6266,3681,4505,9711,5527,9557,3894,10616,4079,24989,7623,3768,31941,5180,8067,12665,6014,6581,11029,2545,8139,4029,4367,9966,6640,12946,16028,2741,9175,24062,4320,1918,5885,11547,25765,5074,24448,1000,6720,9398,6839,16787,15294,6648,6496,9354,4537,5714,3516,6190,43029,4574,8341,5413,13750,2879,9496
fertility,1.67%,278,404,261,134,710,206,487,1620,273,539,398,148,136,211,939,272,150,409,1428,56,130,320,153,1782,620,227,126,31,0,1160,156,81,158,3855,145,415,539,88,108,158,562,457,308,121,352,123,1531,455,192,328,705,195,42,463,165,10907,630,351,2496,217,421,182,866,171,104,87,269,227,293,128,373,65,1006,251,174,1195,167,325,310,92,213,315,44,308,168,122,304,70,410,745,182,371,632,255,40,279,313,806,244,739,83,207,461,227,505,632,187,287,363,259,112,153,213,1835,222,242,197,437,31,284
grandparents,1.67%,271,477,517,51,1109,585,812,1832,362,1365,365,232,214,585,1811,224,167,460,2122,116,289,288,323,1172,994,385,381,328,76,2166,199,84,305,4143,227,1093,833,89,334,393,727,787,503,207,1092,149,1685,874,400,477,925,417,81,1084,230,14806,907,704,3492,415,782,261,1503,403,121,308,799,218,580,292,722,26,1199,372,184,1547,223,268,508,258,497,642,102,348,116,199,566,309,679,924,201,572,526,234,284,351,962,1776,387,1407,53,569,377,193,1006,750,357,344,489,313,218,149,379,1403,184,690,375,1099,114,330
school enrollment,21.14%,4541,4549,5407,1911,9693,2730,6528,32039,4796,10839,7411,2004,2929,4601,18902,2682,3038,12300,25252,1043,2278,6868,3572,18772,8035,4975,2380,1892,1395,24024,2593,1522,2853,83499,3420,8241,11730,1265,2057,3710,6494,9144,6128,2410,8176,2227,26941,6791,4292,4295,10339,3582,1106,10742,3172,183683,13084,4645,41563,4096,7425,3361,13301,3539,1571,2569,5261,3122,5793,1932,5800,1259,15084,4204,2403,26445,3374,4788,6692,2881,3871,7883,1292,4891,2261,2564,5890,3139,6966,10512,1498,5235,17128,2383,1180,3779,6317,14246,2630,14289,639,3971,7814,3359,12781,10354,4031,4125,5958,2981,3261,2352,3657,34367,2827,4657,3064,9586,1632,5959
educational attainment,21.14%,12228,13142,14156,5791,28523,7851,19716,73330,13648,35017,18983,5610,9749,13560,48084,8774,9110,22347,58522,3602,7063,18703,10912,41563,24262,15049,6935,6374,4788,63474,8223,5151,10244,185370,9623,27592,33519,4892,5445,11924,15585,25124,17193,8021,25806,5708,64604,20301,12790,12191,31323,10491,3569,32328,9245,493092,30075,16091,104296,11299,20852,9639,39043,10714,5625,7850,17044,9616,16612,6839,18300,6532,45586,11958,6533,49941,8528,13135,22469,9125,11760,18334,4591,14718,6906,7597,17492,9920,22054,28143,4949,16086,38733,7400,3263,9761,19798,45445,8498,43219,1376,11658,13421,12166,28688,27262,11504,11090,15967,7824,10029,5980,9553,66578,7644,14296,9395,23273,4928,16780
residence,21.14%,18378,19416,20857,8080,41150,11332,28408,113121,19684,48830,27921,8319,14040,19626,71816,12522,12830,36411,87776,5083,10621,27457,15762,71250,34752,22059,10014,9298,6931,94280,11952,7435,14507,284501,14185,39359,48549,6800,8270,16574,24047,36498,25231,11231,36637,8441,99495,29263,18526,17919,45323,15291,4875,46352,13370,720017,46551,23015,155411,16338,31331,13906,57406,15649,7734,11379,24227,13829,24553,9467,26520,8320,64381,17849,9494,80303,13098,19319,31096,13029,17190,28595,6398,21000,9992,10988,25581,13955,31050,41976,7020,23473,58186,10722,4686,14667,28418,64542,12597,61435,2191,16870,22692,17197,44324,40286,17014,16358,23968,12087,14015,8745,14946,108198,11403,20509,13539,35577,7241,24281
population,4.43%,18542,19688,21080,8225,41685,11565,28793,114723,19947,49330,28245,8479,14202,19893,72515,12763,12934,36763,89016,5126,10703,27821,15939,72678,35305,22197,10161,9313,6931,95398,12086,7493,14733,288045,14318,39949,49067,6858,8428,16842,24604,36958,25540,11377,36962,8555,100876,29688,18761,18201,45943,15474,4949,46886,13560,729452,47073,23325,158034,16587,31765,14080,58155,15841,7865,11470,24462,13968,24779,9514,26838,8367,65217,18122,9635,81580,13294,19619,31386,13138,17362,28907,6427,21272,10130,11089,25908,14055,31541,42523,7136,23837,58784,10928,4742,14894,28739,65309,12786,62062,2278,17075,23075,17445,44868,40899,17214,16582,24247,12307,14117,8872,15077,109775,11593,20716,13734,36006,7315,24523
language,6.55%,17429,18374,19691,7770,38993,10770,27088,105895,18740,46410,26651,7907,13341,18661,67973,11981,12172,34873,83599,4827,10008,26140,14948,65882,33052,20925,9559,8712,6516,88810,11428,7055,13845,269512,13404,37443,46071,6457,7829,15843,22722,34542,23774,10724,34780,7994,93537,27813,17606,17034,42848,14512,4673,43908,12715,681750,43766,21803,146656,15639,29581,13291,54286,14708,7499,10774,22947,13117,23156,9022,25069,8037,61256,16913,9026,76392,12738,18279,29602,12387,16132,26859,6092,19859,9494,10474,24150,13298,29749,39554,6673,22074,55281,10215,4520,13922,27078,61402,11904,58310,2098,16102,21713,16434,41431,38112,16093,15447,22803,11295,13328,8327,14144,102715,10924,19553,12868,33798,6794,23048
ancestry,1.72%,18542,19688,21080,8225,41685,11565,28793,114723,19947,49330,28245,8479,14202,19893,72515,12763,12934,36763,89016,5126,10703,27821,15939,72678,35305,22197,10161,9313,6931,95398,12086,7493,14733,288045,14318,39949,49067,6858,8428,16842,24604,36958,25540,11377,36962,8555,100876,29688,18761,18201,45943,15474,4949,46886,13560,729452,47073,23325,158034,16587,31765,14080,58155,15841,7865,11470,24462,13968,24779,9514,26838,8367,65217,18122,9635,81580,13294,19619,31386,13138,17362,28907,6427,21272,10130,11089,25908,14055,31541,42523,7136,23837,58784,10928,4742,14894,28739,65309,12786,62062,2278,17075,23075,17445,44868,40899,17214,16582,24247,12307,14117,8872,15077,109775,11593,20716,13734,36006,7315,24523
,,,,,,,,,,,,,,,,,,,,,,,,,,,,,,,,,,,,,,,,,,,,,,,,,,,,,,,,,,,,,,,,,,,,,,,,,,,,,,,,,,,,,,,,,,,,,,,,,,,,,,,,,,,,,,,,,,,,,,,,,
,,,,,,,,,,,,,,,,,,,,,,,,,,,,,,,,,,,,,,,,,,,,,,,,,,,,,,,,,,,,,,,,,,,,,,,,,,,,,,,,,,,,,,,,,,,,,,,,,,,,,,,,,,,,,,,,,,,,,,,,,
household,5.45%,7193,7849,8386,3358,16708,4306,10632,41843,7933,19521,10916,3070,5314,7519,27705,5081,5047,14967,35258,2018,4195,10407,6032,26117,14406,6731,3986,3855,2668,37279,4770,2602,5680,122075,5611,15562,20936,2876,2988,6388,8755,14789,9939,4422,14309,3309,37883,10642,7172,6892,18652,6023,1983,18518,5569,301312,17797,9397,62054,5878,12541,5035,22002,5800,2827,4428,9300,4983,9793,3576,11044,3295,27182,6333,3765,31130,4795,7206,12434,4391,6568,10162,2173,8330,4019,4358,10189,4627,12117,16160,2798,8667,19400,4713,1650,5339,10849,26904,4581,26199,776,6474,8206,7409,17628,15030,6672,6224,9633,4665,6149,3420,5468,42910,4541,8526,4990,13197,2543,9878
relationship,11.65%,17720,19580,21163,8114,41135,11495,27685,116487,19715,46928,26260,8452,13555,19729,73292,12543,12815,33535,86930,5037,10385,26999,15681,67894,35001,20052,10098,9207,6784,93037,11811,6593,14592,279900,14280,38599,47171,6537,8407,16799,24491,36382,25333,11181,36527,8463,99034,29033,18579,17936,45066,15401,4730,46149,13408,722202,46058,22846,156402,15708,31129,13929,57887,15745,7067,11250,24226,13735,24523,9357,26470,6760,64171,16352,9498,76518,13151,18301,30862,11472,17064,28821,6131,21155,10013,10844,25820,12183,29945,42495,6996,23579,55119,10818,4659,14671,28280,64158,12586,61617,2211,16774,20162,17316,44738,39992,16954,16820,23570,12250,14063,8797,13560,105815,11291,20562,13458,34603,7191,24345
marital status,3.43%,7505,7764,8061,3292,16055,4472,11209,43631,7745,20137,11309,3350,5780,7940,28679,5096,5015,14741,35191,1999,4311,11024,6058,28056,13641,9622,4005,3714,2751,36555,4932,3512,5892,117150,5539,15622,19341,2785,3297,6644,9293,14229,10099,4532,14301,3347,39775,11497,7252,7076,17538,5951,1916,18249,5314,281890,18139,9199,61266,6653,12176,5737,22620,6277,3673,4568,9717,5665,9601,3900,10347,4083,25239,8046,3748,32333,5196,8205,12712,5688,6551,11058,2539,8111,4036,4411,10069,6647,12950,16278,2784,9291,24470,4300,2005,5866,11528,25840,5036,24671,918,6816,9447,6954,17308,15584,6665,6682,9392,4576,5728,3508,6316,43865,4618,8391,5389,13730,2855,9510
fertility,1.67%,197,375,284,136,551,188,459,1495,256,500,369,140,90,192,901,201,235,415,1360,37,127,228,145,1815,510,331,105,63,10,1016,118,81,132,4168,229,409,563,95,99,175,606,485,238,96,374,134,1633,438,107,361,669,217,46,468,183,10826,660,379,2597,220,404,131,973,125,115,103,296,154,252,127,401,33,925,139,141,1380,206,313,300,77,246,323,80,410,142,87,381,135,351,916,181,370,615,242,32,233,287,900,207,813,91,193,453,142,541,616,278,369,346,229,154,48,230,1691,291,304,153,414,46,276
grandparents,1.67%,242,511,529,125,1072,435,883,1821,415,1435,312,263,248,580,2033,238,325,348,2099,88,227,379,522,1351,960,520,336,378,131,2175,182,92,296,4580,298,1062,966,122,334,426,846,712,483,227,1364,147,2043,713,280,636,1085,436,67,1107,261,15218,934,706,3240,450,601,296,1600,286,140,395,908,207,599,185,828,33,1151,484,171,1433,298,259,457,264,495,698,199,367,226,206,760,380,704,875,199,576,580,222,221,229,822,1847,431,1435,101,529,409,285,886,834,354,362,481,317,210,136,455,1546,203,752,400,1022,145,349
school enrollment,21.14%,4470,4791,5563,1903,10055,2683,6665,33262,4722,10710,7387,1983,3213,4547,18868,2712,2889,12470,25173,1101,2363,6972,3586,19292,8267,4825,2428,1765,1419,24203,2669,1442,3140,85650,3480,8247,11704,1373,2187,3853,6546,9128,6239,2452,8038,2190,27810,6588,4510,4277,10378,3769,1144,10676,2908,185736,13291,4883,41904,3938,7181,3383,13370,3406,1528,2540,5152,3137,5841,1960,6005,1229,15170,4137,2406,26626,2937,4797,6891,2917,3869,7853,1466,5020,2332,2520,6035,3068,6861,10514,1470,5327,17593,2371,973,3792,6308,13920,2716,14263,656,4052,8041,3423,13099,10678,4144,4159,5575,3052,3158,2442,3498,35064,2975,4627,3058,9523,1754,6080
educational attainment,21.14%,12337,13301,14258,5807,28647,7872,19753,75248,13750,35101,19045,5622,9597,13656,48993,8751,9097,22331,59029,3541,7135,18667,10821,42080,24506,15106,6930,6512,4784,64151,8347,5261,10318,188392,9680,27405,33592,4807,5464,11780,15697,25132,17392,8028,25904,5720,66146,20167,12943,12192,31462,10492,3590,32518,9275,498002,30645,16121,105071,11269,21024,9635,39460,10828,5641,7894,17060,9515,16553,6795,18232,6648,45827,12330,6569,50496,8943,13281,22575,8935,11841,18459,4374,14732,6900,7585,17780,9929,22060,28518,4939,16148,39309,7430,3502,9760,19802,45475,8520,43647,1321,11750,13460,12288,29600,27882,11526,11374,16086,7897,10073,5990,9332,67975,7792,14431,9366,23196,4920,16933
residence,21.14%,18461,19600,21057,8132,41471,11395,28344,115819,19729,48936,27991,8306,14015,19810,72874,12585,12735,36636,88287,5061,10739,27400,15733,71884,35002,21773,10092,9281,6863,94895,12001,7534,14528,288636,14217,39155,48601,6777,8393,16710,24141,36654,25470,11230,36660,8443,101424,29063,18620,17887,45481,15291,4849,46411,13344,726086,47326,23071,156501,16282,31375,14059,57710,15744,7743,11278,24119,13841,24513,9474,26474,8332,64683,18040,9495,81111,13005,19476,31109,12950,17271,28648,6316,20976,10012,10945,25871,13877,31125,42376,6986,23626,59059,10720,4712,14662,28355,64353,12548,61987,2168,16904,22813,17325,45655,41074,17078,16696,24103,12168,14092,8779,14889,110379,11437,20605,13568,35534,7249,24426
population,4.43%,18613,19866,21308,8235,41961,11605,28744,117216,19987,49368,28345,8486,14062,20029,73529,12746,12962,36999,89598,5094,10801,27760,15939,73266,35446,22001,10215,9331,6884,96062,12110,7594,14711,292370,14376,39701,49205,6836,8503,16902,24720,37088,25677,11334,36974,8559,102873,29479,18823,18228,46095,15472,4905,46921,13537,735804,47880,23327,159008,16483,31820,14162,58590,15899,7858,11388,24449,13946,24758,9503,26841,8347,65451,18201,9604,82363,13286,19735,31409,13014,17468,28944,6378,21289,10124,11009,26242,14012,31473,43026,7120,23932,59639,10923,4759,14840,28722,65174,12730,62654,2261,17098,23258,17521,46113,41671,17269,16934,24400,12381,14224,8845,15045,111843,11671,20807,13697,35951,7333,24683
language,6.55%,17507,18542,19927,7759,39253,10773,27041,108287,18753,46469,26754,7890,13217,18802,68984,11965,12135,35095,84046,4772,10070,26074,14842,66353,33251,20644,9562,8717,6479,89494,11421,7160,13851,273590,13472,37177,46182,6436,7936,15905,22823,34607,23977,10689,34847,8001,95327,27580,17706,17103,43033,14555,4653,43872,12707,687589,44597,21863,147477,15535,29648,13413,54648,14770,7497,10685,22929,13070,23112,8997,25077,8040,61562,17050,9026,77358,12485,18456,29705,12229,16228,26883,6122,19860,9484,10427,24450,13259,29722,40002,6664,22216,56255,10215,4538,13904,27056,61319,11858,58908,2028,16137,21868,16534,42678,38831,16253,15811,22936,11351,13434,8324,14103,104696,11022,19633,12848,33713,6825,23231
ancestry,1.72%,18613,19866,21308,8235,41961,11605,28744,117216,19987,49368,28345,8486,14062,20029,73529,12746,12962,36999,89598,5094,10801,27760,15939,73266,35446,22001,10215,9331,6884,96062,12110,7594,14711,292370,14376,39701,49205,6836,8503,16902,24720,37088,25677,11334,36974,8559,102873,29479,18823,18228,46095,15472,4905,46921,13537,735804,47880,23327,159008,16483,31820,14162,58590,15899,7858,11388,24449,13946,24758,9503,26841,8347,65451,18201,9604,82363,13286,19735,31409,13014,17468,28944,6378,21289,10124,11009,26242,14012,31473,43026,7120,23932,59639,10923,4759,14840,28722,65174,12730,62654,2261,17098,23258,17521,46113,41671,17269,16934,24400,12381,14224,8845,15045,111843,11671,20807,13697,35951,7333,24683
,,,,,,,,,,,,,,,,,,,,,,,,,,,,,,,,,,,,,,,,,,,,,,,,,,,,,,,,,,,,,,,,,,,,,,,,,,,,,,,,,,,,,,,,,,,,,,,,,,,,,,,,,,,,,,,,,,,,,,,,,
,,,,,,,,,,,,,,,,,,,,,,,,,,,,,,,,,,,,,,,,,,,,,,,,,,,,,,,,,,,,,,,,,,,,,,,,,,,,,,,,,,,,,,,,,,,,,,,,,,,,,,,,,,,,,,,,,,,,,,,,,
household,5.45%,7236,7980,8369,3379,16848,4421,10881,42617,7971,19608,11143,3231,5297,7405,27791,5052,5092,14998,35235,2085,4268,10412,6162,26100,14547,6971,3908,3835,2605,37582,4819,2508,5801,122793,5468,15602,20948,2961,3019,6239,8674,14699,9945,4480,14421,3255,38908,11058,7243,6957,18665,6018,1980,18556,5739,303915,17960,9329,62260,5855,12421,5269,22490,5666,2828,4317,9324,4925,9767,3553,10899,3278,27293,6287,3699,31281,4985,7423,12272,4408,6728,10253,2352,8486,3947,4441,10093,4666,11974,16548,2731,8719,19446,4578,1642,5477,11031,26822,4678,26375,824,6497,8139,7364,17676,15246,6677,6234,9490,4689,6034,3464,5410,43801,4541,8296,4995,13330,2686,9847
relationship,11.65%,17668,19726,21307,8159,41411,11554,27598,118644,19725,46970,26222,8450,13441,19779,74175,12543,12829,33849,87391,5022,10444,26856,15698,68282,35125,19949,10114,9175,6759,93757,11808,6780,14524,284209,14338,38421,47445,6441,8415,16780,24399,36522,25430,11167,36473,8490,100674,28705,18508,17998,45090,15355,4680,46070,13350,727223,46785,22875,157383,15621,31186,13928,58171,15746,7017,11154,24110,13698,24443,9358,26427,6854,64303,16257,9450,77515,13083,18474,30864,11424,17120,28841,6117,21145,9956,10759,26105,12138,29817,42972,6966,23633,55852,10792,4671,14586,28097,63866,12483,62007,2206,16761,20444,17360,45880,40568,17000,17018,23604,12327,14136,8780,13505,107706,11309,20542,13361,34339,7158,24541
marital status,3.43%,7428,7782,8193,3327,16157,4510,11155,44598,7768,20134,11457,3360,5721,7968,29111,5124,5060,14803,35456,1995,4305,11010,6183,28425,13770,9626,4045,3752,2747,36846,4997,3667,5830,118706,5534,15538,19462,2792,3355,6641,9302,14283,10192,4482,14314,3388,40449,11420,7262,7105,17599,5985,1952,18211,5315,284364,18365,9231,61726,6623,12203,5829,22814,6264,3666,4537,9667,5546,9555,3884,10400,4129,25260,8167,3722,32755,5231,8214,12713,5622,6603,11149,2546,8099,4024,4406,10071,6513,12896,16521,2761,9227,24955,4440,1979,5895,11466,25704,5007,24878,903,6821,9426,7044,17755,15887,6609,6850,9465,4710,5685,3561,6184,44777,4650,8374,5369,13734,2830,9749
fertility,1.67%,193,325,268,166,491,205,467,1761,324,590,387,166,124,170,910,171,229,392,1306,64,196,228,156,1679,402,262,103,101,13,938,80,118,118,4343,205,466,662,78,109,180,563,480,189,80,426,148,1670,314,101,401,674,199,35,495,127,10244,669,297,2567,199,458,182,1066,96,63,84,264,183,335,143,315,27,768,145,152,1299,150,313,318,115,181,329,57,424,148,65,420,162,400,930,134,472,604,194,70,210,377,623,239,836,76,206,423,187,542,693,226,356,305,212,205,60,202,1312,223,321,156,442,75,338
grandparents,1.67%,287,497,500,208,1181,479,900,2258,405,1581,454,266,296,540,2059,223,374,512,2012,83,268,455,471,1365,855,667,404,315,157,2108,120,97,351,4553,352,1297,941,166,370,381,810,727,461,227,1224,173,2200,805,395,703,1388,498,128,1209,302,15001,914,714,3213,540,808,361,1725,213,240,310,969,345,680,216,834,59,1406,403,237,1572,255,309,609,435,403,796,204,430,189,244,765,302,626,930,242,529,709,259,140,212,777,1969,399,1508,90,432,473,330,908,988,353,380,448,316,362,103,388,1849,252,749,523,1413,167,263
school enrollment,21.14%,4570,4644,5289,1857,10015,2689,6441,33718,4628,10470,7384,1924,3220,4594,19199,2794,2813,12535,25303,1072,2403,6680,3489,19575,8047,4749,2371,1831,1408,24668,2850,1445,3136,87541,3472,8148,11740,1356,2093,3967,6567,8905,6280,2507,8249,2130,28219,6621,4444,4164,10341,3663,1163,10730,2976,188116,13562,4906,41732,3830,7474,3325,13347,3296,1540,2495,5113,3310,5602,1971,6109,1176,14969,4172,2279,26671,2986,4837,6828,2698,3976,7624,1437,4956,2226,2432,6061,2978,6842,10558,1530,5352,17930,2320,1106,3720,6281,14349,2964,14271,539,3941,8173,3474,13556,10629,4037,4247,5817,2976,3281,2225,3660,36376,2941,4415,2911,9274,1658,6147
educational attainment,21.14%,12372,13429,14469,5870,28802,7892,19753,76832,13686,35131,19188,5637,9538,13729,49779,8739,9071,22450,59501,3562,7147,18538,10916,42375,24650,14994,6987,6545,4787,64744,8232,5401,10297,191699,9745,27304,33701,4831,5501,11785,15701,25197,17431,7947,25908,5752,67321,20019,12958,12251,31596,10490,3497,32593,9260,502301,31042,16200,106148,11239,21112,9675,39784,10828,5652,7872,17061,9574,16621,6817,18222,6644,45985,12408,6557,51198,8981,13416,22594,8955,11821,18579,4374,14753,6928,7565,17848,9817,21930,28821,4907,16165,39808,7443,3417,9832,19752,45351,8426,43888,1417,11762,13602,12273,30259,28443,11615,11551,16085,7949,10142,6035,9288,69306,7806,14453,9312,23107,4917,17133
residence,21.14%,18538,19756,21163,8137,41820,11478,28243,117841,19702,48861,28055,8305,13843,19871,73825,12592,12761,36814,88776,5033,10717,27249,15771,72315,35217,21599,10145,9195,6831,95650,12087,7712,14507,292825,14244,38957,48750,6709,8398,16715,24150,36749,25612,11248,36566,8447,102966,28878,18589,17967,45654,15250,4827,46312,13357,732191,48003,23095,157585,16163,31387,14016,57949,15779,7772,11224,24042,13751,24360,9426,26456,8324,64812,18027,9457,82010,13043,19616,31132,12870,17352,28638,6272,20986,9949,10840,26096,13756,31032,42879,6979,23630,59767,10688,4704,14579,28217,64246,12408,62427,2176,16872,22993,17358,46706,41648,17184,16909,24224,12275,14110,8793,14867,112476,11496,20552,13517,35282,7159,24532
population,4.43%,18651,20007,21442,8268,42229,11665,28613,119406,20004,49358,28445,8488,13922,20068,74431,12748,12977,37198,90119,5081,10851,27594,15984,73722,35555,21833,10244,9321,6857,96711,12141,7774,14647,296766,14415,39454,49399,6758,8513,16892,24683,37200,25772,11309,36922,8588,104513,29210,18781,18278,46254,15428,4869,46891,13475,741285,48591,23339,159926,16368,31874,14175,58891,15889,7831,11318,24336,13889,24671,9479,26786,8336,65558,18204,9554,83174,13229,19872,31393,12934,17495,28979,6331,21283,10074,10925,26517,13898,31399,43500,7092,23975,60357,10870,4764,14771,28617,64887,12638,63045,2251,17090,23351,17562,47211,42286,17323,17135,24514,12472,14282,8829,14992,113787,11701,20819,13618,35756,7298,24847
language,6.55%,17585,18707,20047,7813,39593,10831,26916,110410,18796,46508,26860,7895,13103,18843,69913,11985,12153,35239,84472,4775,10031,25899,14932,66673,33317,20419,9601,8720,6448,90143,11452,7347,13780,277692,13510,36963,46387,6345,7930,15932,22805,34713,24042,10666,34845,8029,96898,27344,17632,17133,43152,14464,4614,43885,12664,692605,45227,21936,148312,15419,29717,13392,54972,14772,7470,10621,22861,13020,22992,8953,25100,8033,61691,17058,8993,78041,12437,18518,29659,12152,16314,26861,6026,19983,9428,10337,24679,13093,29698,40490,6633,22260,57166,10199,4558,13855,26921,61041,11762,59219,2016,16133,21956,16553,43737,39439,16168,16082,22999,11511,13500,8327,14074,106510,11058,19592,12781,33458,6805,23503
ancestry,1.72%,18651,20007,21442,8268,42229,11665,28613,119406,20004,49358,28445,8488,13922,20068,74431,12748,12977,37198,90119,5081,10851,27594,15984,73722,35555,21833,10244,9321,6857,96711,12141,7774,14647,296766,14415,39454,49399,6758,8513,16892,24683,37200,25772,11309,36922,8588,104513,29210,18781,18278,46254,15428,4869,46891,13475,741285,48591,23339,159926,16368,31874,14175,58891,15889,7831,11318,24336,13889,24671,9479,26786,8336,65558,18204,9554,83174,13229,19872,31393,12934,17495,28979,6331,21283,10074,10925,26517,13898,31399,43500,7092,23975,60357,10870,4764,14771,28617,64887,12638,63045,2251,17090,23351,17562,47211,42286,17323,17135,24514,12472,14282,8829,14992,113787,11701,20819,13618,35756,7298,24847
,,,,,,,,,,,,,,,,,,,,,,,,,,,,,,,,,,,,,,,,,,,,,,,,,,,,,,,,,,,,,,,,,,,,,,,,,,,,,,,,,,,,,,,,,,,,,,,,,,,,,,,,,,,,,,,,,,,,,,,,,
,,,,,,,,,,,,,,,,,,,,,,,,,,,,,,,,,,,,,,,,,,,,,,,,,,,,,,,,,,,,,,,,,,,,,,,,,,,,,,,,,,,,,,,,,,,,,,,,,,,,,,,,,,,,,,,,,,,,,,,,,
household,5.45%,7241,8061,8323,3327,16584,4447,11109,43255,7865,19530,11100,3252,5290,7213,27874,5124,5232,14937,35203,2034,4269,10319,6050,25899,14498,7317,3960,3794,2604,37677,4766,2618,5829,123142,5539,15422,21058,2744,2995,6302,8334,14419,9897,4495,14465,3361,39401,11343,7179,7115,18787,6008,1983,18495,5712,305832,18012,9154,61800,5892,12350,5221,22931,5823,2951,4206,9366,5003,9692,3569,10912,3294,27037,6312,3770,31484,4931,7368,11963,4449,6569,10342,2379,8745,3919,4401,10168,4697,11869,16571,2884,8715,19532,4601,1721,5357,10801,26362,4730,26108,884,6605,8305,7270,17989,15469,6737,6230,9708,4574,5935,3512,5586,44240,4480,8083,5150,13172,2779,9698
relationship,11.65%,17649,19863,21451,8170,41689,11621,27382,120390,19722,46973,26429,8432,13346,19770,74993,12541,12792,34074,87830,5004,10497,26772,15692,68580,35179,19797,10067,9125,6747,94402,11756,6787,14478,288244,14374,38462,47480,6307,8424,16778,24358,36677,25472,11122,36377,8500,102502,28444,18386,18070,45172,15348,4644,45930,13298,732104,47317,22900,158303,15513,31198,13895,58431,15738,6724,11031,23968,13684,24380,9361,26480,6990,64354,16195,9426,78290,13032,18557,30773,11351,17104,28877,6148,21174,9919,10710,26362,11950,29764,43350,6967,23623,56504,10755,4647,14498,27904,63408,12426,62342,2213,16666,20645,17436,46806,41146,17125,17188,23610,12348,14154,8766,13611,109345,11373,20493,13292,34240,7162,24694
marital status,3.43%,7470,7822,8173,3329,16343,4504,11112,45367,7824,20081,11613,3346,5703,8021,29581,5131,5048,15193,35664,1996,4294,10969,6287,28786,13872,9622,4055,3743,2662,37043,5020,3701,5927,120316,5570,15581,19454,2743,3268,6671,9373,14393,10167,4465,14387,3432,41074,11351,7245,7141,17681,5988,1909,18099,5297,286983,18617,9225,62162,6544,12212,5628,22932,6250,3408,4389,9611,5614,9452,3832,10408,4092,25269,8137,3726,33091,5198,8238,12665,5920,6599,11289,2643,8275,3979,4398,10473,6493,12918,16739,2789,9277,25255,4351,1893,5898,11321,25602,4962,25003,894,6779,9349,7024,18086,16248,6634,6853,9585,4691,5706,3565,6405,45307,4629,8411,5384,13780,2829,9904
fertility,1.67%,257,203,315,137,581,205,386,1830,254,496,338,139,108,203,871,216,194,278,1263,96,174,247,188,1559,347,179,93,112,36,1161,93,117,124,4226,194,448,769,38,161,198,425,395,206,80,385,97,1564,206,119,408,659,218,73,491,123,9930,777,260,2538,224,457,192,892,103,56,83,261,67,270,149,304,30,683,114,141,1243,154,280,377,118,227,432,59,382,153,79,444,169,415,679,116,326,602,192,54,119,472,703,194,801,41,204,399,144,490,719,250,275,296,226,189,120,148,1441,270,295,123,552,97,254
grandparents,1.67%,237,500,533,216,1108,488,894,2496,432,1464,439,309,471,640,2293,215,358,596,1679,58,273,489,511,1492,954,529,388,305,150,2112,136,150,430,4768,364,1392,933,156,358,422,870,710,590,196,1346,174,2226,858,536,502,1409,594,233,1269,453,15129,814,583,3347,511,649,326,1810,244,204,330,987,298,668,255,705,78,1420,450,242,1565,312,372,739,438,336,799,265,452,239,173,709,353,842,834,229,706,757,184,136,308,842,1985,460,1481,89,527,587,403,748,954,460,396,583,231,361,45,340,1882,255,686,478,1403,213,326
school enrollment,21.14%,4641,4691,5634,1927,10014,2661,6276,34245,4563,10662,7473,1975,3131,4472,19167,2774,2779,12566,24864,1052,2363,6691,3508,20104,7912,4631,2356,1704,1579,24992,2702,1413,3091,89799,3439,8189,11445,1385,2063,3940,6500,8936,6193,2428,8199,2139,28684,6420,4432,4101,10677,3686,1093,10540,2995,188412,13380,5234,41893,3680,7571,3377,13590,3366,1486,2405,4965,3157,5427,1968,6004,1312,15089,4103,2273,26821,3009,4735,6576,2625,3987,7823,1488,5132,2115,2556,6166,2766,7035,11055,1552,5462,18127,2318,1045,3646,6236,14246,2828,14352,454,3909,8066,3606,13386,10846,3930,4488,5983,3015,3316,2149,3748,36152,3052,4472,2890,9105,1651,6133
educational attainment,21.14%,12375,13473,14521,5859,28876,7885,19641,78129,13688,35126,19335,5668,9508,13733,50580,8808,9075,22711,60092,3537,7168,18449,11016,42504,24792,14993,7017,6498,4762,65223,8462,5451,10294,194245,9805,27405,33841,4720,5507,11799,15671,25265,17449,7952,25908,5770,68174,19919,12825,12271,31722,10499,3485,32516,9251,507007,31473,16229,107136,11113,21113,9699,40098,10839,5494,7842,16997,9503,16785,6827,18341,6593,46094,12370,6562,51571,8959,13509,22593,8854,11829,18756,4320,14781,6923,7556,18089,9786,21879,29080,4915,16114,40200,7392,3406,9863,19751,45115,8384,44095,1536,11762,13483,12277,30999,28849,11655,11649,16263,7930,10135,5964,9538,70414,7831,14513,9290,23112,5040,17256
residence,21.14%,18562,19902,21280,8181,42048,11570,28134,119632,19733,48915,28361,8359,13713,19865,74648,12598,12781,37064,89305,4987,10772,27147,15745,72809,35318,21420,10092,9172,6819,96076,12058,7721,14474,297006,14200,38989,48660,6612,8368,16736,24203,36920,25652,11163,36486,8499,104558,28757,18552,18030,45778,15197,4791,46336,13294,737749,48487,23181,158707,15999,31352,14004,58387,15753,7506,11122,23913,13784,24345,9377,26493,8375,65022,18052,9448,82946,13047,19684,31004,12763,17307,28613,6271,20974,9893,10759,26299,13501,31090,43393,6964,23622,60379,10632,4669,14627,28065,63834,12375,62813,2190,16824,23114,17447,47696,42374,17310,17127,24275,12302,14122,8744,15004,114059,11517,20579,13422,35199,7144,24721
population,4.43%,18696,20123,21575,8282,42504,11732,28409,121214,19999,49314,28701,8472,13776,20059,75250,12746,12946,37383,90606,5064,10902,27493,16006,74169,35608,21633,10210,9283,6842,97230,12148,7784,14601,300843,14435,39448,49390,6650,8525,16896,24685,37329,25833,11252,36822,8608,106211,29012,18693,18345,46303,15425,4834,46810,13418,746580,49112,23377,160828,16217,31865,14149,59178,15877,7554,11220,24202,13859,24602,9467,26822,8394,65610,18163,9524,83976,13179,19943,31296,12835,17452,29028,6334,21313,10043,10874,26762,13657,31427,43905,7085,23955,60940,10807,4738,14714,28488,64473,12582,63369,2254,16997,23425,17636,48149,42911,17443,17303,24585,12505,14289,8818,15138,115438,11774,20797,13564,35718,7299,24988
language,6.55%,17671,18862,20161,7828,39819,10927,26747,112290,18760,46498,27130,7914,13001,18909,70867,12015,12160,35447,84855,4749,10012,25747,14975,67058,33348,20175,9581,8720,6441,90719,11498,7404,13759,281678,13562,36973,46487,6235,7921,15973,22784,34736,24119,10600,34755,8066,98430,27137,17569,17186,43266,14500,4585,43824,12628,697718,45771,21977,149238,15286,29847,13414,55335,14791,7226,10530,22705,13013,22988,8954,25101,8096,61752,17031,8979,79060,12425,18621,29581,12107,16289,27057,6030,19986,9381,10297,24927,12956,29812,40814,6625,22339,57889,10140,4508,13863,26770,60693,11724,59581,2037,16059,22103,16622,44722,40050,16198,16281,23149,11528,13520,8306,14270,108139,11093,19584,12640,33386,6825,23667
ancestry,1.72%,18696,20123,21575,8282,42504,11732,28409,121214,19999,49314,28701,8472,13776,20059,75250,12746,12946,37383,90606,5064,10902,27493,16006,74169,35608,21633,10210,9283,6842,97230,12148,7784,14601,300843,14435,39448,49390,6650,8525,16896,24685,37329,25833,11252,36822,8608,106211,29012,18693,18345,46303,15425,4834,46810,13418,746580,49112,23377,160828,16217,31865,14149,59178,15877,7554,11220,24202,13859,24602,9467,26822,8394,65610,18163,9524,83976,13179,19943,31296,12835,17452,29028,6334,21313,10043,10874,26762,13657,31427,43905,7085,23955,60940,10807,4738,14714,28488,64473,12582,63369,2254,16997,23425,17636,48149,42911,17443,17303,24585,12505,14289,8818,15138,115438,11774,20797,13564,35718,7299,24988
,,,,,,,,,,,,,,,,,,,,,,,,,,,,,,,,,,,,,,,,,,,,,,,,,,,,,,,,,,,,,,,,,,,,,,,,,,,,,,,,,,,,,,,,,,,,,,,,,,,,,,,,,,,,,,,,,,,,,,,,,
,,,,,,,,,,,,,,,,,,,,,,,,,,,,,,,,,,,,,,,,,,,,,,,,,,,,,,,,,,,,,,,,,,,,,,,,,,,,,,,,,,,,,,,,,,,,,,,,,,,,,,,,,,,,,,,,,,,,,,,,,
household,5.45%,7124,8057,8353,3279,16789,4361,11181,43903,7782,19533,10981,3303,5434,7325,28282,5107,5320,14854,35478,2075,4108,10525,6186,25734,14368,7652,3878,3812,2684,38000,4734,2790,5706,124101,5542,15438,21065,2662,3024,6567,8301,14284,9839,4474,14230,3367,39955,11251,7257,7135,18875,5984,1992,18533,5670,306511,18120,9134,61962,5776,12524,5294,23184,5940,2957,4212,9391,5222,9693,3708,10862,3263,27409,6210,3744,31752,4928,7385,12426,4381,6636,10557,2404,8770,3918,4436,10288,4841,11619,16660,2861,8573,19610,4355,1740,5349,11005,26312,4628,26052,911,6634,8407,7223,18306,15665,6660,6301,9491,4567,6055,3578,5620,44923,4514,8004,5057,12931,2826,9716
relationship,11.65%,17846,19981,21548,8160,41892,11758,27230,122141,19709,46976,26650,8418,13276,19777,75816,12589,12722,34529,88307,4971,10486,26698,15664,68705,35201,19624,10041,9079,6737,94882,11754,6767,14420,291286,14460,38148,47606,6161,8450,16755,24290,36806,25554,11058,36216,8547,104020,28114,18315,18160,45203,15347,4589,45746,13253,736164,47730,22894,159438,15445,31169,13886,58755,15719,6842,10910,23723,13686,24325,9357,26520,7077,64301,16132,9419,79379,12931,18681,30699,11241,17073,29033,6182,21167,9901,10680,26589,11829,29823,43681,6954,23632,57207,10715,4599,14417,27637,63255,12368,62465,2188,16635,20605,17448,47804,41778,17226,17298,23983,12328,14148,8762,13615,110557,11453,20437,13162,33933,7143,24848
marital status,3.43%,7712,7863,8202,3366,16439,4591,11080,46151,7814,19975,11917,3331,5631,8011,30004,5159,4968,15416,35974,1984,4319,10902,6370,29307,13897,9566,4054,3732,2654,37127,5074,3724,5807,121634,5565,15507,19464,2668,3372,6673,9421,14522,10239,4439,14323,3439,41878,11211,7241,7214,17798,5965,1850,18063,5301,289021,18904,9194,62659,6530,12307,5730,23096,6245,3592,4337,9531,5580,9441,3854,10483,4111,25413,8092,3724,34000,5212,8239,12649,5906,6633,11461,2646,8369,3982,4383,10335,6342,12939,16911,2817,9316,25612,4199,1871,5904,11180,25720,4933,25001,875,6797,9386,7050,18625,16468,6716,6923,9801,4731,5697,3501,6476,45857,4657,8409,5414,13791,2827,9688
fertility,1.67%,257,257,298,110,487,212,342,1710,212,545,327,103,155,264,852,215,211,394,1164,53,143,297,250,1640,376,302,107,113,43,1093,83,97,158,4003,228,401,674,58,135,194,446,358,191,82,345,87,1610,204,143,368,569,221,98,495,120,9962,730,239,2653,205,427,180,959,109,49,62,223,120,333,49,244,27,752,44,133,1117,201,280,338,140,192,418,52,298,193,87,492,186,355,763,53,406,543,194,44,104,347,797,211,854,36,161,323,158,570,709,237,288,328,224,166,117,146,1505,188,281,151,454,99,323
grandparents,1.67%,321,411,690,222,836,476,806,2319,474,1513,525,328,507,514,2040,197,405,812,1782,102,288,655,541,1504,1028,542,326,319,162,2145,158,182,465,4427,340,1100,1105,145,441,496,996,659,577,51,1616,209,2679,1061,537,441,1327,516,188,1153,477,14208,758,590,3828,589,704,296,1539,314,187,204,871,264,750,236,456,75,1364,566,270,1536,379,403,502,487,232,846,297,512,278,202,702,364,983,733,174,763,932,191,191,326,1010,2059,433,1656,89,432,375,413,736,876,467,448,794,224,411,95,326,1995,281,629,587,1268,210,460
school enrollment,21.14%,4826,4755,5224,1856,10060,2731,6089,34336,4481,10881,7650,1867,2977,4524,18861,2666,2656,12803,24829,1070,2359,6474,3254,19929,8183,4447,2379,1701,1481,25318,2623,1415,3017,91308,3375,8060,11304,1307,1926,3727,6344,9044,6207,2318,8098,2074,29152,6220,4357,4241,10999,3580,1088,10287,2959,189848,13494,5283,41583,3663,7647,3340,13686,3450,1540,2412,4986,3224,5560,1977,6268,1278,15017,4100,2221,27771,3058,4768,6336,2497,3877,7763,1406,5089,2142,2457,6360,2607,6871,10872,1512,5405,18351,2387,997,3428,6062,14251,2912,14233,459,3945,8176,3582,13634,10822,4036,4455,6421,2945,3256,2066,3747,36750,3143,4394,2876,9019,1572,6194
educational attainment,21.14%,12489,13512,14588,5841,29028,7965,19635,79571,13761,35099,19552,5674,9460,13834,51310,8876,9017,22927,60765,3553,7096,18496,11056,42455,24799,15057,6989,6468,4782,65614,8511,5665,10277,196497,9837,27122,34200,4652,5620,11873,15725,25360,17504,7888,25858,5770,69128,19715,12793,12336,31853,10526,3456,32310,9264,511378,31948,16190,107983,11035,21187,9800,40485,10863,5613,7766,16904,9501,16775,6817,18216,6672,46102,12667,6576,52281,8910,13603,22582,8997,11792,19042,4371,14893,6939,7486,18183,9802,21835,29371,4899,16154,40803,7351,3357,9904,19703,44860,8382,44246,1544,11777,13604,12351,31653,29316,11822,11763,16320,8002,10198,5976,9668,71392,7938,14551,9202,22940,5035,17424
residence,21.14%,18864,20005,21335,8209,42237,11697,27970,121466,19734,48792,28893,8348,13559,19850,75456,12628,12688,37613,90019,4979,10701,27095,15762,72998,35275,21149,10065,9136,6807,96542,12046,7711,14365,300598,14201,38637,48830,6508,8402,16749,24269,37085,25752,11083,36365,8558,105916,28504,18418,18143,45927,15197,4712,46233,13271,742190,48988,23204,159746,15937,31344,14002,58691,15728,7632,11029,23738,13744,24234,9356,26552,8391,64889,18036,9418,84459,12906,19714,30924,12669,17246,28794,6286,21013,9850,10731,26512,13352,31145,43659,6968,23546,61223,10552,4640,14528,27862,63678,12305,62914,2196,16810,23137,17450,48593,43060,17377,17229,24713,12306,14132,8739,15034,115621,11675,20561,13281,35102,7121,24809
population,4.43%,19032,20219,21664,8274,42691,11870,28234,123030,19972,49242,29150,8459,13663,20076,76093,12797,12880,37981,91268,5031,10871,27439,16002,74459,35633,21446,10192,9254,6829,97631,12137,7781,14547,304473,14505,39087,49509,6550,8554,16880,24667,37451,25934,11186,36656,8654,107565,28744,18643,18427,46394,15427,4790,46684,13370,751485,49601,23390,161915,16139,31857,14149,59535,15850,7681,11128,23965,13848,24546,9443,26844,8415,65545,18073,9510,85485,13076,19965,31223,12750,17398,29203,6337,21311,10025,10837,26983,13522,31391,44254,7064,23956,61711,10740,4686,14642,28261,64380,12552,63505,2239,16965,23485,17646,49167,43581,17551,17419,25059,12499,14277,8816,15192,117169,11871,20728,13454,35557,7273,25151
language,6.55%,18011,18978,20249,7840,39982,11069,26561,114032,18796,46406,27608,7900,12900,18947,71807,12055,12094,35998,85517,4738,9999,25726,14990,67183,33389,20065,9529,8711,6444,91106,11528,7404,13721,285138,13595,36615,46720,6132,7911,15967,22932,34863,24270,10572,34640,8110,99832,26829,17574,17256,43411,14533,4559,43741,12599,702446,46235,22001,150288,15212,29851,13414,55740,14837,7347,10436,22519,13001,22915,8913,25234,8122,61722,16974,8955,80588,12345,18673,29576,12039,16246,27284,5990,20026,9378,10218,25208,12824,29793,41130,6635,22368,58685,10156,4482,13813,26453,60695,11731,59800,2063,16024,22170,16581,45712,40652,16327,16449,23525,11560,13517,8322,14354,109757,11209,19518,12548,33206,6814,23808
ancestry,1.72%,19032,20219,21664,8274,42691,11870,28234,123030,19972,49242,29150,8459,13663,20076,76093,12797,12880,37981,91268,5031,10871,27439,16002,74459,35633,21446,10192,9254,6829,97631,12137,7781,14547,304473,14505,39087,49509,6550,8554,16880,24667,37451,25934,11186,36656,8654,107565,28744,18643,18427,46394,15427,4790,46684,13370,751485,49601,23390,161915,16139,31857,14149,59535,15850,7681,11128,23965,13848,24546,9443,26844,8415,65545,18073,9510,85485,13076,19965,31223,12750,17398,29203,6337,21311,10025,10837,26983,13522,31391,44254,7064,23956,61711,10740,4686,14642,28261,64380,12552,63505,2239,16965,23485,17646,49167,43581,17551,17419,25059,12499,14277,8816,15192,117169,11871,20728,13454,35557,7273,25151
,,,,,,,,,,,,,,,,,,,,,,,,,,,,,,,,,,,,,,,,,,,,,,,,,,,,,,,,,,,,,,,,,,,,,,,,,,,,,,,,,,,,,,,,,,,,,,,,,,,,,,,,,,,,,,,,,,,,,,,,,
,,,,,,,,,,,,,,,,,,,,,,,,,,,,,,,,,,,,,,,,,,,,,,,,,,,,,,,,,,,,,,,,,,,,,,,,,,,,,,,,,,,,,,,,,,,,,,,,,,,,,,,,,,,,,,,,,,,,,,,,,
household,5.45%,7048,7774,8446,3288,16979,4297,11088,44709,7867,19383,11045,3303,5494,7297,28267,5176,5293,14834,35477,2059,3988,10487,6384,25521,14173,7707,3858,3755,2743,38536,4659,2750,5750,125752,5636,15418,21033,2568,3097,6594,8325,14390,9840,4477,14200,3265,40376,11406,7120,7294,18742,5992,1973,18622,5546,306915,18312,9035,62225,5984,12467,5328,23164,6033,2859,4150,9592,5373,9770,3826,10870,3230,27514,6277,3759,32064,4996,7395,12602,4320,6736,10574,2427,8824,3936,4443,10248,4808,11539,16817,2824,8813,19706,4123,1773,5356,11080,26124,4767,25593,930,6621,8542,7050,18421,15888,6793,6418,9715,4567,6014,3548,5562,45387,4495,7917,5129,13110,2918,9802
relationship,11.65%,17609,20140,21654,8139,42177,11868,27028,123644,19762,46717,26742,8381,13255,19762,76643,12620,12666,34786,88421,4923,10491,26608,15575,68068,35227,19534,10030,9028,6714,95482,11701,6703,14345,295547,14512,37789,47978,5992,8461,16842,24249,36870,25611,11025,36050,8563,104270,27712,18298,18187,45130,15372,4520,45531,13243,740375,48523,22835,160718,15351,31141,13873,58943,15709,6294,10753,23422,13642,24278,9332,26555,7061,64131,16066,9416,79859,12837,18569,30643,11120,17004,28900,6221,21190,9860,10619,26778,11772,30007,43991,6973,23757,58710,10692,4534,14281,27348,62292,12223,62601,2147,16607,20867,17486,48878,42471,17373,17454,23887,12337,14144,8728,13522,112341,11495,20347,13019,34113,7136,25029
marital status,3.43%,7615,7954,8318,3336,16709,4632,11039,46872,7875,19925,12030,3322,5589,8045,30404,5183,4937,15539,36113,1979,4361,10887,6348,29455,13930,9441,4045,3728,2683,37403,5106,3728,5774,123163,5620,15345,19598,2588,3413,6707,9382,14604,10327,4415,14345,3452,42049,11089,7222,7259,17799,5998,1845,18045,5315,291176,19190,9194,63288,6498,12316,5675,23295,6211,3132,4390,9430,5574,9432,3883,10488,4104,25278,8075,3721,34011,5199,8004,12648,5858,6654,11668,2710,8398,3954,4332,10586,6374,12975,17095,2772,9363,26625,4206,1763,5859,11140,25371,4887,25029,903,6798,9353,6949,19166,16685,6836,7016,9716,4791,5657,3499,6518,46597,4668,8366,5363,13822,2794,9815
fertility,1.67%,196,177,278,106,531,136,218,1600,179,490,323,121,196,328,898,144,218,326,1107,60,131,259,180,1479,349,351,113,82,42,1109,67,105,146,4021,237,414,522,66,194,210,447,385,276,120,337,74,1499,209,146,359,539,185,81,487,212,10223,685,267,2611,238,345,154,817,137,41,80,293,115,415,27,284,35,765,56,145,1116,178,302,261,116,213,488,67,260,238,80,367,178,364,746,77,380,650,123,46,186,326,742,162,847,5,162,328,146,664,639,229,268,231,168,123,97,154,1661,140,307,137,609,88,292
grandparents,1.67%,285,417,609,257,980,218,877,2315,397,1314,588,262,522,385,1902,205,313,726,1614,154,213,737,433,1549,1089,575,262,301,172,2380,133,247,548,4318,316,1133,1063,149,365,633,1018,635,644,66,1548,228,2589,971,618,453,1281,412,165,1035,659,15226,827,637,3541,531,703,293,1545,304,171,340,803,323,971,383,462,96,1276,622,207,1508,492,470,393,639,171,938,248,548,305,178,758,335,1181,695,245,863,1054,224,191,468,1074,1994,319,1642,84,486,351,531,829,996,465,315,862,229,411,124,410,2179,278,502,451,1300,240,482
school enrollment,21.14%,4874,4720,5114,1879,10016,2896,5932,34390,4436,10696,7758,1892,2807,4452,18560,2622,2640,12737,24125,1039,2304,6610,3222,19272,8103,4336,2288,1766,1542,24695,2521,1421,2989,91115,3200,7930,11466,1353,1916,3776,6507,9184,6020,2375,8111,2082,29390,6329,4188,4138,10789,3623,1095,10049,2786,189423,13536,5204,41465,3515,7584,3187,13315,3413,1554,2312,4788,3137,5280,1993,6090,1255,14914,4063,2147,27734,2988,4615,6268,2399,4071,7476,1404,4867,2142,2327,6297,2485,6846,10817,1572,5424,18301,2489,1012,3248,6120,13681,2792,14088,409,3907,8126,3674,13634,10956,4066,4441,6104,2967,3222,2049,3857,36780,3031,4257,2831,9029,1567,6579
educational attainment,21.14%,12634,13724,14725,5804,29283,8037,19492,80765,13852,34832,19713,5674,9452,13832,52336,8952,9003,23019,61352,3535,7087,18393,11050,42158,24835,14919,6967,6476,4782,66181,8526,5655,10210,199042,9818,26910,34510,4498,5613,11950,15714,25384,17540,7915,25779,5795,69451,19523,12810,12444,32024,10549,3399,32279,9241,515934,32484,16189,109078,10934,21295,9816,40652,10897,5136,7724,16744,9505,16790,6813,18250,6629,46038,12275,6575,52635,8912,13406,22617,8765,11688,19206,4504,14954,6954,7487,18436,9810,21777,29502,4886,16270,41887,7338,3268,9872,19537,44383,8390,44353,1572,11820,13617,12374,32276,29906,12019,12021,16378,8120,10205,6021,9581,72191,7971,14539,9150,22954,5032,17431
residence,21.14%,18717,20197,21398,8174,42402,11862,27716,123161,19789,48514,29111,8284,13452,19816,76265,12729,12680,37782,90351,4922,10626,27006,15786,72705,35333,20903,10070,9129,6784,97077,12042,7640,14310,304108,14301,38179,49322,6363,8400,16842,24291,37082,25720,11026,36203,8588,106039,28126,18412,18193,45979,15240,4658,46054,13191,746154,49732,23155,160755,15779,31396,13969,58993,15626,7098,10903,23393,13685,24169,9349,26524,8377,64592,17943,9398,84838,12824,19495,30934,12561,17142,28618,6274,21036,9801,10655,26817,13284,31103,44021,6971,23714,62479,10578,4565,14361,27666,62737,12275,62970,2196,16793,23235,17498,49557,43791,17533,17415,24706,12364,14159,8688,14972,117475,11742,20456,13194,35239,7130,25012
population,4.43%,18852,20355,21761,8256,42925,11978,27950,124617,20013,48917,29388,8425,13591,20061,76961,12835,12826,38106,91475,4984,10830,27326,15954,74159,35657,21300,10188,9222,6807,98173,12105,7725,14476,308306,14544,38649,49778,6422,8567,16976,24670,37502,26001,11149,36477,8669,107529,28400,18648,18441,46396,15455,4720,46518,13357,755809,50328,23350,163007,16000,31809,14149,59751,15821,7119,10997,23671,13790,24498,9394,26851,8402,65408,18001,9500,85838,12979,19717,31181,12631,17296,29098,6343,21342,9985,10765,27167,13428,31309,44564,7075,24065,63037,10711,4616,14514,28041,63434,12447,63635,2208,16942,23608,17669,50178,44290,17704,17577,24993,12524,14250,8783,15138,118950,11910,20655,13357,35794,7261,25317
language,6.55%,17889,19124,20400,7835,40294,11217,26277,115625,18869,46169,27836,7873,12828,18904,72760,12017,12074,36139,85852,4678,9936,25668,14958,66966,33547,19909,9506,8714,6426,91654,11514,7386,13639,288709,13595,36156,47282,6011,7978,16060,22931,34934,24289,10574,34491,8122,99958,26524,17566,17299,43458,14566,4531,43667,12566,706605,46846,21960,151426,15084,29825,13410,55934,14820,6788,10320,22289,12960,22884,8848,25213,8122,61538,16774,8940,80969,12232,18442,29543,11926,16168,27239,6015,20061,9345,10148,25440,12790,29730,41474,6632,22523,60079,10157,4357,13735,26267,59778,11626,59955,2082,15987,22264,16535,46740,41288,16537,16635,23408,11594,13557,8305,14304,111368,11256,19459,12463,33304,6805,24044
ancestry,1.72%,18852,20355,21761,8256,42925,11978,27950,124617,20013,48917,29388,8425,13591,20061,76961,12835,12826,38106,91475,4984,10830,27326,15954,74159,35657,21300,10188,9222,6807,98173,12105,7725,14476,308306,14544,38649,49778,6422,8567,16976,24670,37502,26001,11149,36477,8669,107529,28400,18648,18441,46396,15455,4720,46518,13357,755809,50328,23350,163007,16000,31809,14149,59751,15821,7119,10997,23671,13790,24498,9394,26851,8402,65408,18001,9500,85838,12979,19717,31181,12631,17296,29098,6343,21342,9985,10765,27167,13428,31309,44564,7075,24065,63037,10711,4616,14514,28041,63434,12447,63635,2208,16942,23608,17669,50178,44290,17704,17577,24993,12524,14250,8783,15138,118950,11910,20655,13357,35794,7261,25317
,,,,,,,,,,,,,,,,,,,,,,,,,,,,,,,,,,,,,,,,,,,,,,,,,,,,,,,,,,,,,,,,,,,,,,,,,,,,,,,,,,,,,,,,,,,,,,,,,,,,,,,,,,,,,,,,,,,,,,,,,
,,,,,,,,,,,,,,,,,,,,,,,,,,,,,,,,,,,,,,,,,,,,,,,,,,,,,,,,,,,,,,,,,,,,,,,,,,,,,,,,,,,,,,,,,,,,,,,,,,,,,,,,,,,,,,,,,,,,,,,,,
household,5.45%,7126,7705,8554,3252,16766,4450,10978,45649,8043,19386,10882,3412,5304,7343,28533,5153,5322,15002,35954,2088,4030,10647,6412,25382,14183,7679,3863,3721,2771,39282,4712,2624,5622,126439,5730,15233,20978,2611,2962,6732,8327,14268,9736,4528,14289,3254,40422,11429,7135,7387,18914,5996,1856,18394,5546,310355,18401,8820,62746,6064,12333,5485,23029,6142,2821,4074,10017,5431,9721,3880,10682,3326,27950,6252,3751,32409,5027,7438,12856,4295,6804,10631,2521,8813,3922,4421,10212,4946,11510,17236,2758,8930,20148,3946,1681,5296,11073,25861,4794,25567,961,6488,8473,7081,18913,16123,6958,6448,9745,4534,5977,3555,5565,45974,4490,7842,5136,12708,2899,9976
relationship,11.65%,17887,20208,21762,8097,42539,12005,26729,124657,19762,46520,26927,8369,13132,19695,77394,12614,12600,34826,88314,4893,10432,26565,15536,67619,35291,19436,10015,9012,6687,95763,11698,6601,14276,298508,14511,37281,48216,5870,8439,16914,24283,36751,25765,10996,35836,8605,104565,27318,18262,18251,45139,15445,4512,45342,13247,744060,49133,22771,161085,15194,31044,13851,59125,15760,6173,10613,23135,13500,24189,9293,26438,6962,64005,15869,9408,80931,12745,18520,30659,10961,16950,28534,6258,21260,9856,10546,27010,11689,29917,44302,6959,23852,59635,10636,4474,14269,27142,61640,12141,62753,2131,16568,21393,17500,49951,43187,17500,17674,24165,12274,14163,8698,13456,114023,11584,20268,12969,34042,7095,25270
marital status,3.43%,7800,8058,8436,3313,16793,4690,10960,47653,7842,19830,12203,3314,5519,8056,30972,5192,4838,15456,36298,1976,4288,10838,6356,29769,13918,9366,4047,3740,2673,37687,5071,3722,5758,124482,5633,15078,19720,2564,3393,6709,9411,14545,10388,4454,14248,3520,42206,10946,7330,7273,17870,6060,1798,17906,5322,293374,19451,9206,63698,6480,12313,5652,23335,6264,2990,4347,9253,5541,9484,3881,10425,4142,25071,8058,3722,34618,5186,7872,12676,5793,6788,11612,2740,8441,3907,4309,10616,6325,12762,17296,2747,9533,27094,4191,1685,5876,10980,25224,4852,25070,942,6766,9796,6996,19812,17032,6924,7173,9985,4769,5657,3483,6541,47671,4728,8421,5331,13862,2776,9909
fertility,1.67%,219,221,314,83,482,105,279,1654,322,572,235,123,175,328,1040,167,209,313,1155,70,186,272,199,1435,355,333,124,77,96,1127,97,126,191,3904,214,428,461,88,170,207,398,391,438,115,320,80,1277,280,203,394,625,198,85,556,145,10232,798,230,2535,252,326,183,705,141,76,125,279,146,349,45,262,29,801,95,140,1096,135,265,229,122,201,473,66,164,198,92,330,143,367,589,79,389,816,135,46,218,371,651,141,701,17,173,322,172,612,594,215,113,240,212,101,101,132,1750,76,264,199,541,63,343
grandparents,1.67%,306,413,554,208,923,207,781,2649,365,1551,736,282,486,509,2134,284,298,773,1610,162,343,762,330,1433,1045,642,297,287,246,2276,313,266,610,3897,307,1193,1000,150,375,710,1226,908,820,72,1492,278,2707,1045,523,335,1279,555,125,1041,720,14952,968,517,3637,433,731,213,1771,457,231,263,829,309,1074,402,499,83,1399,556,277,1762,428,687,514,636,192,960,215,574,225,184,789,323,1042,796,226,856,969,201,162,498,933,1956,387,1558,51,501,403,568,930,946,392,462,768,188,352,125,339,2087,247,456,445,1320,262,411
school enrollment,21.14%,4981,4444,4965,1890,10030,2861,6020,34245,4345,10665,7515,1825,2634,4425,18220,2628,2655,12857,23436,1040,2344,6534,3274,18764,7934,4216,2159,1823,1383,24894,2243,1405,2900,91788,3349,8062,11433,1252,1954,3716,6367,9065,5967,2328,8042,2101,29590,6109,3906,4013,10853,3538,1029,9893,2913,186436,13767,5057,40890,3534,7689,3084,13364,3476,1459,2227,4886,3019,5254,1905,5997,1168,15107,3937,2091,28157,2998,4600,6386,2467,3830,7362,1347,4859,2171,2273,6373,2364,6500,10797,1520,5407,18217,2431,968,3203,5988,13864,2915,13804,365,3711,8272,3470,14123,10907,3985,4447,6305,2727,3289,1905,3743,37129,2992,4187,2847,9355,1532,6512
educational attainment,21.14%,12753,13827,14970,5766,29416,8115,19428,81533,13879,34732,19857,5698,9401,13867,53090,8995,8938,23270,61794,3496,7196,18391,11088,41893,24981,14897,6982,6459,4786,66401,8595,5639,10190,200906,9817,26544,34721,4437,5618,12040,15780,25331,17649,7916,25679,5849,69718,19405,12805,12537,31966,10635,3304,32189,9273,520121,33007,16204,110045,10913,21288,9905,40879,10899,4962,7658,16557,9500,16801,6815,18219,6584,46026,12283,6578,53115,8842,13237,22645,8719,11771,19124,4586,14986,6976,7449,18505,9853,21649,29822,4881,16448,42333,7315,3136,9959,19511,43893,8346,44608,1587,11828,13907,12424,33057,30362,12174,12177,16438,8082,10224,6017,9725,73406,8016,14517,9155,22896,5018,17668
residence,21.14%,19024,20240,21521,8126,42717,11998,27414,124308,19753,48096,29420,8292,13292,19725,76948,12710,12596,37976,90378,4887,10579,26991,15767,72576,35391,20773,10013,9114,6669,97670,12018,7569,14220,307578,14342,37699,49407,6252,8378,16882,24353,36862,25735,10988,35996,8635,106243,27729,18463,18271,45862,15294,4611,45834,13193,749913,50296,23083,161172,15678,31367,13914,59266,15698,6806,10787,23143,13519,24140,9295,26482,8263,64453,17756,9389,86348,12735,19305,31010,12406,17057,28344,6271,21164,9824,10557,27019,13258,30969,44377,6993,23874,63151,10510,4485,14334,27483,62214,12223,63220,2169,16744,24006,17513,50726,44515,17727,17677,25055,12248,14192,8652,14923,119624,11928,20372,13165,35310,7127,25227
population,4.43%,19156,20421,21867,8216,43287,12113,27676,125656,20004,48716,29650,8404,13476,20000,77727,12828,12758,38302,91456,4954,10776,27292,15928,73936,35706,21160,10172,9211,6780,98724,12086,7661,14406,311529,14543,38144,49982,6323,8543,17051,24705,37379,26092,11123,36255,8716,107573,28031,18629,18510,46362,15528,4691,46359,13357,759724,51015,23280,163393,15884,31740,14127,59950,15870,6896,10869,23382,13646,24424,9353,26757,8325,65292,17850,9492,87324,12887,19497,31213,12478,17229,28751,6345,21411,9983,10692,27391,13379,31216,44875,7062,24152,63876,10673,4552,14509,27818,62791,12387,63772,2191,16893,24302,17684,51348,44967,17856,17798,25315,12465,14267,8751,15065,121066,12017,20557,13331,35842,7221,25591
language,6.55%,18203,19186,20545,7790,40541,11325,26029,117019,18796,45899,28072,7877,12664,18886,73579,12063,12030,36215,86082,4636,9911,25613,14961,66918,33603,19889,9453,8698,6381,92063,11546,7316,13564,291868,13589,35716,47214,5931,7914,16120,22953,34828,24504,10512,34292,8168,100135,26181,17597,17292,43460,14639,4490,43516,12562,710713,47559,21847,152354,15007,29817,13388,56303,14821,6535,10217,21994,12933,22818,8825,25108,8042,61364,16749,8950,82329,12102,18280,29588,11810,16159,27149,6031,20130,9375,10049,25593,12735,29650,41813,6636,22720,60716,10119,4240,13726,26071,59243,11618,60095,2072,15965,22983,16596,47950,41992,16697,16829,23742,11517,13579,8255,14202,113375,11323,19381,12529,33330,6781,24211
ancestry,1.72%,19156,20421,21867,8216,43287,12113,27676,125656,20004,48716,29650,8404,13476,20000,77727,12828,12758,38302,91456,4954,10776,27292,15928,73936,35706,21160,10172,9211,6780,98724,12086,7661,14406,311529,14543,38144,49982,6323,8543,17051,24705,37379,26092,11123,36255,8716,107573,28031,18629,18510,46362,15528,4691,46359,13357,759724,51015,23280,163393,15884,31740,14127,59950,15870,6896,10869,23382,13646,24424,9353,26757,8325,65292,17850,9492,87324,12887,19497,31213,12478,17229,28751,6345,21411,9983,10692,27391,13379,31216,44875,7062,24152,63876,10673,4552,14509,27818,62791,12387,63772,2191,16893,24302,17684,51348,44967,17856,17798,25315,12465,14267,8751,15065,121066,12017,20557,13331,35842,7221,25591
